id,target
0,0.7387427
2,0.55377126
3,0.4915402
9,0.6518937
11,0.71135175
12,0.64634573
21,0.588914
22,0.588366
27,0.59683794
29,0.64063346
30,0.59933233
35,0.5981074
42,0.55964273
43,0.64640063
45,0.68704295
46,0.6042905
47,0.39377996
51,0.5108038
58,0.5080218
60,0.6398771
69,0.60940766
70,0.55956405
72,0.39377996
75,0.76287246
84,0.62201965
87,0.39377996
88,0.6229253
90,0.56528884
94,0.39377996
99,0.39377996
101,0.60643804
103,0.61368066
106,0.39377996
108,0.39377996
111,0.39377996
115,0.39377996
116,0.39377996
122,0.39377996
123,0.39377996
124,0.39377996
125,0.39377996
127,0.39377996
140,0.39377996
142,0.39377996
147,0.39377996
148,0.6473723
150,0.6203112
152,0.39377996
154,0.39377996
155,0.39377996
166,0.39377996
167,0.39377996
169,0.6173932
177,0.39377996
179,0.39377996
181,0.39377996
186,0.39377996
188,0.39377996
189,0.39377996
192,0.39377996
200,0.558517
202,0.39377996
206,0.39377996
207,0.39377996
214,0.39377996
217,0.39377996
223,0.39377996
224,0.39377996
227,0.39377996
228,0.39377996
230,0.39377996
233,0.39377996
234,0.39377996
236,0.39377996
239,0.39377996
250,0.5826586
255,0.39377996
257,0.39377996
259,0.39377996
275,0.39377996
278,0.39377996
282,0.39377996
284,0.39377996
286,0.39377996
288,0.39377996
292,0.39377996
295,0.39377996
300,0.39377996
304,0.39377996
305,0.39377996
306,0.39377996
308,0.39377996
311,0.39377996
317,0.39377996
319,0.39377996
323,0.39377996
324,0.39377996
325,0.714263
326,0.39377996
333,0.39377996
339,0.39377996
342,0.39377996
343,0.39377996
350,0.39377996
351,0.39377996
357,0.39377996
359,0.39377996
362,0.39377996
366,0.39377996
367,0.6239576
369,0.39377996
373,0.39377996
374,0.39377996
376,0.39377996
377,0.39377996
378,0.39377996
379,0.39377996
382,0.39377996
385,0.39377996
387,0.39377996
388,0.39377996
391,0.39377996
392,0.39377996
395,0.39377996
399,0.39377996
400,0.7754277
403,0.39377996
405,0.39377996
408,0.39377996
411,0.39377996
414,0.39377996
416,0.39377996
417,0.39377996
422,0.39377996
425,0.39377996
428,0.39377996
430,0.39377996
431,0.39377996
433,0.39377996
434,0.39377996
439,0.39377996
441,0.39377996
449,0.39377996
458,0.39377996
460,0.39377996
464,0.39377996
473,0.39377996
488,0.39377996
491,0.39377996
494,0.39377996
497,0.39377996
500,0.70133144
505,0.39377996
507,0.39377996
508,0.39377996
510,0.39377996
511,0.39377996
515,0.39377996
525,0.39377996
529,0.39377996
532,0.39377996
534,0.39377996
537,0.39377996
539,0.39377996
541,0.39377996
545,0.39377996
547,0.39377996
548,0.39377996
549,0.39377996
553,0.39377996
554,0.39377996
555,0.39377996
557,0.39377996
562,0.39377996
566,0.39377996
572,0.39377996
573,0.39377996
582,0.39377996
586,0.39377996
587,0.39377996
590,0.39377996
591,0.39377996
593,0.39377996
595,0.39377996
596,0.39377996
597,0.39377996
601,0.39377996
602,0.39377996
605,0.39377996
610,0.39377996
616,0.39377996
618,0.39377996
620,0.39377996
626,0.39377996
627,0.39377996
629,0.39377996
632,0.39377996
634,0.39377996
639,0.39377996
645,0.39377996
647,0.39377996
648,0.39377996
650,0.39377996
663,0.39377996
666,0.72290057
668,0.39377996
670,0.39377996
673,0.39377996
676,0.5646587
678,0.39377996
692,0.39377996
693,0.39377996
694,0.39377996
695,0.39377996
696,0.39377996
698,0.39377996
701,0.39377996
703,0.39377996
707,0.39377996
708,0.39377996
711,0.39377996
715,0.39377996
718,0.39377996
722,0.39377996
723,0.39377996
733,0.39377996
741,0.39377996
742,0.39377996
743,0.39377996
747,0.39377996
749,0.39377996
750,0.39377996
756,0.39377996
757,0.39377996
760,0.39377996
764,0.39377996
765,0.39377996
766,0.39377996
768,0.39377996
769,0.39377996
771,0.39377996
772,0.39377996
776,0.39377996
778,0.39377996
780,0.39377996
785,0.39377996
789,0.39377996
792,0.39377996
793,0.39377996
811,0.39377996
813,0.7319207
816,0.39377996
821,0.39377996
824,0.39377996
825,0.39377996
827,0.39377996
830,0.39377996
831,0.39377996
839,0.39377996
844,0.39377996
847,0.39377996
850,0.39377996
854,0.39377996
855,0.39377996
858,0.39377996
861,0.39377996
862,0.39377996
865,0.39377996
869,0.39377996
879,0.39377996
880,0.39377996
887,0.39377996
889,0.39377996
897,0.39377996
900,0.39377996
901,0.39377996
904,0.39377996
908,0.39377996
909,0.39377996
910,0.39377996
913,0.39377996
914,0.39377996
917,0.627023
918,0.39377996
920,0.39377996
922,0.39377996
924,0.39377996
925,0.39377996
927,0.39377996
933,0.39377996
937,0.39377996
943,0.39377996
949,0.39377996
950,0.39377996
954,0.39377996
966,0.39377996
967,0.39377996
969,0.39377996
970,0.39377996
973,0.39377996
975,0.39377996
980,0.39377996
988,0.39377996
989,0.39377996
995,0.39377996
1000,0.5815142
1003,0.39377996
1007,0.39377996
1011,0.39377996
1012,0.39377996
1013,0.39377996
1014,0.39377996
1016,0.39377996
1019,0.39377996
1025,0.39377996
1027,0.39377996
1028,0.6968462
1030,0.39377996
1033,0.39377996
1034,0.39377996
1039,0.39377996
1046,0.39377996
1047,0.39377996
1053,0.39377996
1055,0.39377996
1056,0.39377996
1059,0.39377996
1060,0.39377996
1063,0.39377996
1064,0.39377996
1068,0.39377996
1076,0.39377996
1086,0.39377996
1087,0.39377996
1089,0.39377996
1092,0.39377996
1095,0.39377996
1096,0.39377996
1097,0.39377996
1100,0.39377996
1101,0.39377996
1107,0.39377996
1108,0.39377996
1111,0.39377996
1115,0.74200475
1116,0.39377996
1121,0.39377996
1125,0.39377996
1127,0.39377996
1131,0.39377996
1133,0.39377996
1135,0.39377996
1137,0.39377996
1140,0.39377996
1144,0.39377996
1147,0.39377996
1148,0.59028196
1150,0.39377996
1158,0.39377996
1159,0.39377996
1161,0.39377996
1163,0.39377996
1165,0.39377996
1169,0.39377996
1171,0.39377996
1172,0.39377996
1176,0.39377996
1180,0.39377996
1184,0.39377996
1186,0.39377996
1187,0.39377996
1192,0.39377996
1193,0.39377996
1194,0.39377996
1197,0.39377996
1200,0.39377996
1205,0.39377996
1210,0.39377996
1216,0.39377996
1220,0.39377996
1231,0.39377996
1233,0.39377996
1246,0.39377996
1247,0.39377996
1248,0.39377996
1255,0.39377996
1256,0.39377996
1257,0.39377996
1258,0.39377996
1260,0.39377996
1261,0.39377996
1265,0.39377996
1266,0.39377996
1268,0.39377996
1274,0.39377996
1281,0.39377996
1285,0.39377996
1286,0.39377996
1291,0.39377996
1292,0.39377996
1295,0.39377996
1299,0.39377996
1306,0.39377996
1310,0.39377996
1311,0.39377996
1313,0.39377996
1314,0.39377996
1322,0.39377996
1323,0.39377996
1325,0.39377996
1329,0.39377996
1330,0.39377996
1333,0.39377996
1336,0.39377996
1339,0.39377996
1342,0.39377996
1344,0.39377996
1355,0.39377996
1357,0.39377996
1358,0.39377996
1359,0.39377996
1364,0.39377996
1366,0.39377996
1367,0.39377996
1370,0.39377996
1373,0.39377996
1377,0.39377996
1386,0.39377996
1387,0.39377996
1392,0.39377996
1397,0.39377996
1398,0.39377996
1400,0.39377996
1403,0.39377996
1404,0.39377996
1410,0.39377996
1413,0.39377996
1416,0.39377996
1417,0.39377996
1423,0.39377996
1424,0.39377996
1426,0.39377996
1427,0.39377996
1428,0.39377996
1430,0.39377996
1434,0.39377996
1435,0.39377996
1437,0.39377996
1438,0.39377996
1442,0.39377996
1446,0.39377996
1451,0.39377996
1457,0.39377996
1461,0.39377996
1462,0.39377996
1465,0.39377996
1468,0.39377996
1469,0.39377996
1471,0.39377996
1476,0.39377996
1478,0.39377996
1481,0.39377996
1489,0.39377996
1490,0.39377996
1492,0.39377996
1496,0.39377996
1512,0.39377996
1516,0.39377996
1517,0.39377996
1528,0.39377996
1529,0.39377996
1536,0.39377996
1539,0.39377996
1541,0.39377996
1542,0.39377996
1548,0.39377996
1550,0.39377996
1551,0.39377996
1552,0.39377996
1557,0.39377996
1563,0.39377996
1564,0.39377996
1565,0.39377996
1566,0.39377996
1571,0.39377996
1578,0.39377996
1581,0.39377996
1583,0.39377996
1584,0.39377996
1586,0.39377996
1589,0.39377996
1592,0.39377996
1598,0.39377996
1606,0.39377996
1612,0.39377996
1616,0.39377996
1620,0.39377996
1624,0.39377996
1629,0.39377996
1630,0.39377996
1635,0.39377996
1640,0.39377996
1641,0.39377996
1642,0.39377996
1651,0.39377996
1655,0.39377996
1656,0.39377996
1659,0.39377996
1664,0.39377996
1667,0.39377996
1668,0.39377996
1674,0.39377996
1678,0.39377996
1680,0.39377996
1681,0.39377996
1682,0.39377996
1685,0.39377996
1695,0.39377996
1696,0.39377996
1697,0.39377996
1704,0.39377996
1708,0.39377996
1711,0.39377996
1713,0.39377996
1714,0.39377996
1717,0.39377996
1729,0.39377996
1730,0.39377996
1732,0.39377996
1734,0.39377996
1736,0.39377996
1738,0.39377996
1742,0.39377996
1743,0.39377996
1746,0.39377996
1748,0.39377996
1749,0.39377996
1751,0.39377996
1758,0.39377996
1764,0.39377996
1765,0.39377996
1777,0.39377996
1778,0.39377996
1781,0.39377996
1782,0.39377996
1783,0.39377996
1785,0.39377996
1788,0.39377996
1793,0.39377996
1794,0.39377996
1795,0.39377996
1797,0.39377996
1800,0.39377996
1801,0.39377996
1805,0.39377996
1806,0.39377996
1819,0.39377996
1820,0.39377996
1825,0.39377996
1828,0.39377996
1829,0.39377996
1830,0.39377996
1839,0.39377996
1843,0.39377996
1844,0.39377996
1846,0.39377996
1849,0.39377996
1850,0.39377996
1854,0.39377996
1855,0.39377996
1858,0.39377996
1859,0.39377996
1862,0.39377996
1867,0.39377996
1868,0.39377996
1871,0.39377996
1872,0.39377996
1874,0.39377996
1876,0.39377996
1879,0.39377996
1884,0.39377996
1891,0.39377996
1894,0.39377996
1896,0.39377996
1902,0.39377996
1903,0.39377996
1904,0.39377996
1906,0.39377996
1907,0.39377996
1912,0.39377996
1913,0.39377996
1923,0.39377996
1926,0.39377996
1928,0.39377996
1930,0.39377996
1931,0.39377996
1934,0.39377996
1936,0.39377996
1944,0.627545
1946,0.76195204
1947,0.39377996
1958,0.39377996
1964,0.39377996
1970,0.39377996
1974,0.39377996
1977,0.39377996
1978,0.39377996
1982,0.39377996
1984,0.39377996
1988,0.39377996
1993,0.6576712
1997,0.39377996
1998,0.39377996
2002,0.6138389
2004,0.39377996
2005,0.39377996
2008,0.70867085
2011,0.65663934
2013,0.50074804
2018,0.39377996
2021,0.39377996
2025,0.39377996
2029,0.39377996
2030,0.39377996
2032,0.39377996
2037,0.39377996
2041,0.39377996
2044,0.39377996
2048,0.39377996
2052,0.39377996
2053,0.39377996
2054,0.39377996
2062,0.39377996
2065,0.39377996
2066,0.39377996
2072,0.39377996
2079,0.60273635
2080,0.39377996
2085,0.39377996
2088,0.39377996
2090,0.39377996
2092,0.39377996
2093,0.39377996
2101,0.39377996
2104,0.39377996
2105,0.39377996
2106,0.39377996
2107,0.39377996
2120,0.39377996
2124,0.39377996
2127,0.39377996
2130,0.39377996
2132,0.39377996
2135,0.39377996
2137,0.39377996
2140,0.39377996
2143,0.39377996
2147,0.39377996
2151,0.39377996
2152,0.39377996
2155,0.39377996
2156,0.39377996
2162,0.39377996
2165,0.39377996
2166,0.39377996
2167,0.39377996
2168,0.39377996
2170,0.39377996
2178,0.39377996
2180,0.39377996
2182,0.39377996
2184,0.39377996
2185,0.39377996
2187,0.39377996
2196,0.39377996
2197,0.39377996
2199,0.39377996
2200,0.39377996
2201,0.39377996
2202,0.39377996
2206,0.39377996
2208,0.39377996
2218,0.39377996
2223,0.39377996
2224,0.39377996
2226,0.39377996
2228,0.39377996
2232,0.39377996
2234,0.39377996
2243,0.39377996
2247,0.39377996
2249,0.39377996
2252,0.39377996
2253,0.39377996
2259,0.39377996
2261,0.39377996
2264,0.39377996
2268,0.39377996
2269,0.39377996
2270,0.39377996
2276,0.39377996
2283,0.39377996
2287,0.39377996
2290,0.39377996
2291,0.39377996
2293,0.39377996
2295,0.39377996
2302,0.39377996
2305,0.39377996
2310,0.39377996
2313,0.39377996
2316,0.39377996
2320,0.39377996
2322,0.39377996
2323,0.39377996
2326,0.39377996
2328,0.39377996
2331,0.39377996
2335,0.39377996
2338,0.39377996
2343,0.39377996
2344,0.39377996
2345,0.39377996
2353,0.39377996
2355,0.39377996
2357,0.39377996
2360,0.39377996
2365,0.39377996
2369,0.39377996
2371,0.39377996
2378,0.39377996
2380,0.39377996
2381,0.39377996
2383,0.39377996
2384,0.39377996
2392,0.39377996
2393,0.39377996
2401,0.39377996
2403,0.39377996
2404,0.39377996
2405,0.39377996
2407,0.39377996
2411,0.39377996
2424,0.39377996
2426,0.39377996
2431,0.39377996
2433,0.39377996
2434,0.39377996
2436,0.39377996
2439,0.39377996
2444,0.39377996
2447,0.39377996
2448,0.39377996
2449,0.39377996
2450,0.39377996
2461,0.39377996
2469,0.39377996
2472,0.39377996
2473,0.39377996
2474,0.39377996
2477,0.39377996
2481,0.39377996
2484,0.39377996
2495,0.39377996
2503,0.39377996
2509,0.39377996
2511,0.39377996
2518,0.39377996
2522,0.39377996
2525,0.39377996
2526,0.39377996
2529,0.39377996
2533,0.39377996
2549,0.39377996
2551,0.39377996
2558,0.39377996
2562,0.39377996
2563,0.39377996
2567,0.39377996
2574,0.39377996
2577,0.39377996
2578,0.39377996
2580,0.39377996
2581,0.39377996
2583,0.39377996
2584,0.39377996
2586,0.39377996
2589,0.39377996
2595,0.39377996
2596,0.39377996
2600,0.39377996
2601,0.39377996
2607,0.39377996
2610,0.39377996
2613,0.39377996
2615,0.39377996
2618,0.39377996
2620,0.39377996
2623,0.39377996
2626,0.39377996
2630,0.39377996
2634,0.39377996
2636,0.39377996
2638,0.39377996
2639,0.39377996
2646,0.39377996
2650,0.39377996
2652,0.39377996
2653,0.39377996
2654,0.39377996
2662,0.39377996
2665,0.39377996
2669,0.39377996
2674,0.39377996
2678,0.39377996
2681,0.39377996
2685,0.39377996
2686,0.39377996
2690,0.39377996
2697,0.39377996
2699,0.39377996
2704,0.39377996
2705,0.39377996
2710,0.39377996
2712,0.39377996
2713,0.39377996
2716,0.39377996
2717,0.39377996
2718,0.39377996
2721,0.39377996
2722,0.39377996
2735,0.39377996
2737,0.39377996
2738,0.39377996
2742,0.39377996
2745,0.39377996
2746,0.39377996
2747,0.39377996
2750,0.39377996
2751,0.39377996
2754,0.39377996
2762,0.39377996
2764,0.39377996
2772,0.39377996
2775,0.39377996
2776,0.39377996
2779,0.39377996
2781,0.39377996
2789,0.39377996
2790,0.39377996
2791,0.39377996
2798,0.39377996
2800,0.39377996
2804,0.39377996
2805,0.39377996
2806,0.39377996
2809,0.39377996
2810,0.39377996
2812,0.39377996
2814,0.39377996
2816,0.39377996
2818,0.39377996
2823,0.39377996
2824,0.39377996
2834,0.39377996
2837,0.39377996
2840,0.39377996
2845,0.39377996
2847,0.39377996
2848,0.39377996
2850,0.39377996
2859,0.39377996
2862,0.39377996
2868,0.39377996
2874,0.39377996
2876,0.39377996
2892,0.39377996
2894,0.39377996
2897,0.39377996
2901,0.39377996
2903,0.39377996
2904,0.39377996
2906,0.39377996
2914,0.39377996
2918,0.39377996
2919,0.39377996
2923,0.39377996
2926,0.39377996
2928,0.39377996
2930,0.39377996
2938,0.39377996
2940,0.39377996
2949,0.39377996
2951,0.39377996
2958,0.39377996
2961,0.39377996
2962,0.39377996
2964,0.39377996
2966,0.39377996
2967,0.39377996
2968,0.39377996
2972,0.39377996
2977,0.39377996
2978,0.39377996
2979,0.39377996
2981,0.39377996
2985,0.39377996
2986,0.39377996
2989,0.39377996
2994,0.39377996
2996,0.39377996
2997,0.39377996
2999,0.39377996
3002,0.39377996
3007,0.39377996
3008,0.39377996
3017,0.39377996
3020,0.39377996
3024,0.39377996
3028,0.39377996
3031,0.39377996
3032,0.39377996
3033,0.39377996
3035,0.39377996
3040,0.39377996
3041,0.39377996
3046,0.39377996
3050,0.39377996
3063,0.39377996
3065,0.39377996
3067,0.39377996
3069,0.39377996
3076,0.39377996
3078,0.39377996
3081,0.39377996
3087,0.39377996
3088,0.39377996
3094,0.39377996
3096,0.39377996
3098,0.39377996
3103,0.39377996
3110,0.39377996
3113,0.39377996
3121,0.39377996
3127,0.39377996
3128,0.39377996
3129,0.39377996
3135,0.39377996
3143,0.39377996
3146,0.39377996
3148,0.39377996
3149,0.39377996
3151,0.39377996
3156,0.39377996
3160,0.39377996
3164,0.39377996
3169,0.39377996
3178,0.39377996
3187,0.39377996
3194,0.39377996
3202,0.39377996
3203,0.39377996
3204,0.39377996
3206,0.39377996
3207,0.39377996
3208,0.39377996
3209,0.39377996
3213,0.39377996
3214,0.39377996
3215,0.39377996
3220,0.39377996
3223,0.39377996
3224,0.39377996
3226,0.39377996
3228,0.39377996
3230,0.39377996
3232,0.39377996
3233,0.39377996
3234,0.39377996
3238,0.39377996
3246,0.39377996
3247,0.39377996
3250,0.39377996
3251,0.39377996
3254,0.39377996
3257,0.39377996
3258,0.39377996
3261,0.39377996
3267,0.39377996
3268,0.39377996
3269,0.39377996
3271,0.39377996
3272,0.39377996
3273,0.39377996
3279,0.39377996
3290,0.39377996
3291,0.39377996
3293,0.39377996
3294,0.39377996
3298,0.39377996
3305,0.39377996
3306,0.39377996
3307,0.39377996
3310,0.39377996
3313,0.39377996
3314,0.39377996
3315,0.39377996
3316,0.39377996
3321,0.39377996
3325,0.39377996
3326,0.39377996
3327,0.39377996
3330,0.39377996
3331,0.39377996
3332,0.39377996
3333,0.39377996
3343,0.39377996
3344,0.39377996
3348,0.39377996
3349,0.39377996
3350,0.39377996
3352,0.39377996
3353,0.39377996
3354,0.39377996
3358,0.39377996
3360,0.39377996
3366,0.39377996
3371,0.39377996
3374,0.39377996
3375,0.39377996
3378,0.39377996
3382,0.39377996
3384,0.39377996
3385,0.39377996
3386,0.39377996
3392,0.39377996
3399,0.39377996
3407,0.39377996
3409,0.39377996
3416,0.39377996
3420,0.39377996
3422,0.39377996
3424,0.39377996
3426,0.39377996
3427,0.39377996
3434,0.39377996
3438,0.39377996
3441,0.39377996
3442,0.39377996
3443,0.39377996
3444,0.39377996
3449,0.39377996
3453,0.39377996
3454,0.39377996
3456,0.39377996
3457,0.39377996
3458,0.39377996
3461,0.39377996
3467,0.39377996
3479,0.39377996
3488,0.39377996
3491,0.39377996
3496,0.39377996
3502,0.39377996
3507,0.39377996
3511,0.39377996
3515,0.39377996
3516,0.39377996
3538,0.39377996
3539,0.39377996
3541,0.39377996
3545,0.39377996
3546,0.39377996
3547,0.39377996
3551,0.39377996
3553,0.39377996
3556,0.39377996
3558,0.39377996
3559,0.39377996
3561,0.39377996
3562,0.39377996
3563,0.39377996
3564,0.39377996
3571,0.39377996
3574,0.39377996
3576,0.39377996
3577,0.39377996
3579,0.39377996
3580,0.39377996
3586,0.39377996
3590,0.39377996
3599,0.39377996
3600,0.39377996
3601,0.39377996
3605,0.39377996
3606,0.39377996
3612,0.39377996
3614,0.39377996
3615,0.39377996
3616,0.39377996
3620,0.39377996
3622,0.39377996
3624,0.39377996
3630,0.39377996
3644,0.39377996
3649,0.39377996
3651,0.39377996
3654,0.39377996
3665,0.39377996
3668,0.39377996
3671,0.39377996
3672,0.39377996
3673,0.39377996
3677,0.39377996
3678,0.39377996
3687,0.39377996
3688,0.39377996
3693,0.39377996
3698,0.39377996
3699,0.39377996
3701,0.39377996
3703,0.39377996
3706,0.39377996
3707,0.39377996
3709,0.39377996
3711,0.39377996
3714,0.39377996
3716,0.39377996
3720,0.39377996
3728,0.39377996
3731,0.39377996
3732,0.39377996
3733,0.39377996
3734,0.39377996
3740,0.39377996
3746,0.39377996
3749,0.39377996
3751,0.39377996
3755,0.39377996
3757,0.39377996
3762,0.39377996
3767,0.39377996
3769,0.39377996
3779,0.39377996
3781,0.39377996
3782,0.39377996
3783,0.39377996
3784,0.39377996
3790,0.39377996
3791,0.39377996
3792,0.39377996
3794,0.39377996
3799,0.39377996
3801,0.39377996
3804,0.39377996
3808,0.39377996
3809,0.39377996
3811,0.39377996
3813,0.39377996
3817,0.39377996
3818,0.39377996
3823,0.39377996
3843,0.39377996
3844,0.39377996
3846,0.39377996
3847,0.39377996
3852,0.39377996
3854,0.39377996
3856,0.39377996
3863,0.39377996
3865,0.39377996
3867,0.39377996
3871,0.39377996
3872,0.39377996
3878,0.39377996
3880,0.39377996
3881,0.39377996
3882,0.39377996
3883,0.39377996
3884,0.39377996
3885,0.39377996
3886,0.39377996
3890,0.39377996
3891,0.39377996
3898,0.39377996
3902,0.39377996
3909,0.39377996
3910,0.39377996
3912,0.39377996
3915,0.39377996
3918,0.39377996
3920,0.39377996
3925,0.39377996
3928,0.39377996
3929,0.39377996
3930,0.39377996
3931,0.39377996
3934,0.39377996
3939,0.39377996
3941,0.39377996
3942,0.39377996
3943,0.39377996
3946,0.5830029
3963,0.39377996
3965,0.39377996
3966,0.39377996
3971,0.39377996
3972,0.39377996
3974,0.39377996
3976,0.39377996
3978,0.39377996
3981,0.39377996
3985,0.39377996
3986,0.39377996
3987,0.39377996
3988,0.39377996
3991,0.39377996
3999,0.39377996
4001,0.39377996
4002,0.39377996
4004,0.39377996
4007,0.39377996
4009,0.39377996
4013,0.39377996
4015,0.39377996
4016,0.39377996
4023,0.39377996
4031,0.39377996
4035,0.39377996
4036,0.39377996
4037,0.39377996
4040,0.39377996
4048,0.39377996
4053,0.39377996
4056,0.39377996
4059,0.39377996
4066,0.39377996
4067,0.39377996
4069,0.39377996
4070,0.39377996
4071,0.39377996
4073,0.39377996
4074,0.39377996
4075,0.39377996
4082,0.39377996
4090,0.39377996
4099,0.39377996
4102,0.39377996
4106,0.39377996
4109,0.39377996
4110,0.39377996
4115,0.39377996
4118,0.39377996
4120,0.39377996
4125,0.39377996
4126,0.39377996
4130,0.39377996
4134,0.39377996
4136,0.39377996
4137,0.39377996
4144,0.39377996
4148,0.39377996
4151,0.39377996
4155,0.39377996
4162,0.39377996
4165,0.39377996
4169,0.39377996
4174,0.39377996
4179,0.39377996
4185,0.39377996
4186,0.39377996
4187,0.39377996
4188,0.39377996
4190,0.39377996
4192,0.39377996
4193,0.39377996
4194,0.39377996
4195,0.39377996
4196,0.39377996
4207,0.39377996
4208,0.39377996
4215,0.39377996
4217,0.39377996
4222,0.39377996
4223,0.39377996
4226,0.39377996
4228,0.39377996
4229,0.39377996
4231,0.39377996
4234,0.39377996
4236,0.39377996
4249,0.39377996
4254,0.39377996
4258,0.39377996
4259,0.39377996
4263,0.39377996
4267,0.39377996
4277,0.39377996
4278,0.39377996
4280,0.39377996
4283,0.39377996
4285,0.39377996
4286,0.39377996
4287,0.39377996
4290,0.39377996
4291,0.39377996
4294,0.39377996
4302,0.39377996
4308,0.39377996
4310,0.39377996
4311,0.39377996
4315,0.39377996
4316,0.39377996
4319,0.39377996
4331,0.39377996
4338,0.39377996
4339,0.39377996
4340,0.39377996
4344,0.39377996
4346,0.39377996
4347,0.39377996
4360,0.39377996
4364,0.39377996
4367,0.39377996
4369,0.39377996
4370,0.39377996
4371,0.39377996
4380,0.39377996
4386,0.39377996
4389,0.39377996
4390,0.39377996
4394,0.39377996
4399,0.39377996
4400,0.39377996
4404,0.39377996
4409,0.39377996
4414,0.39377996
4417,0.39377996
4418,0.39377996
4419,0.39377996
4420,0.39377996
4422,0.39377996
4429,0.39377996
4431,0.39377996
4433,0.39377996
4434,0.39377996
4439,0.39377996
4443,0.39377996
4446,0.39377996
4447,0.39377996
4453,0.39377996
4460,0.39377996
4461,0.39377996
4462,0.39377996
4467,0.39377996
4469,0.39377996
4473,0.39377996
4474,0.39377996
4475,0.39377996
4477,0.39377996
4481,0.39377996
4483,0.39377996
4484,0.39377996
4485,0.39377996
4495,0.39377996
4497,0.39377996
4500,0.7148547
4501,0.39377996
4502,0.39377996
4505,0.39377996
4506,0.39377996
4510,0.39377996
4512,0.39377996
4513,0.39377996
4532,0.39377996
4535,0.39377996
4536,0.39377996
4540,0.39377996
4545,0.39377996
4552,0.48890114
4554,0.39377996
4555,0.39377996
4558,0.39377996
4559,0.39377996
4560,0.39377996
4566,0.39377996
4570,0.39377996
4572,0.39377996
4574,0.39377996
4581,0.39377996
4583,0.39377996
4586,0.39377996
4591,0.39377996
4594,0.39377996
4603,0.39377996
4605,0.39377996
4612,0.39377996
4613,0.39377996
4615,0.39377996
4618,0.39377996
4621,0.39377996
4623,0.39377996
4626,0.39377996
4629,0.39377996
4633,0.39377996
4636,0.39377996
4638,0.39377996
4640,0.39377996
4643,0.39377996
4645,0.39377996
4647,0.39377996
4648,0.39377996
4651,0.39377996
4652,0.39377996
4653,0.39377996
4654,0.39377996
4660,0.39377996
4662,0.39377996
4663,0.39377996
4665,0.39377996
4668,0.39377996
4676,0.39377996
4683,0.39377996
4685,0.39377996
4686,0.39377996
4701,0.39377996
4718,0.39377996
4721,0.39377996
4727,0.39377996
4728,0.39377996
4733,0.39377996
4741,0.39377996
4743,0.39377996
4746,0.39377996
4751,0.39377996
4756,0.39377996
4761,0.39377996
4763,0.39377996
4764,0.39377996
4767,0.39377996
4772,0.39377996
4776,0.39377996
4780,0.39377996
4781,0.39377996
4792,0.39377996
4796,0.39377996
4801,0.39377996
4804,0.39377996
4805,0.39377996
4806,0.39377996
4811,0.39377996
4815,0.39377996
4816,0.39377996
4817,0.39377996
4818,0.39377996
4822,0.39377996
4824,0.39377996
4827,0.39377996
4837,0.39377996
4838,0.39377996
4839,0.39377996
4841,0.39377996
4851,0.39377996
4855,0.39377996
4861,0.39377996
4862,0.39377996
4863,0.39377996
4865,0.39377996
4871,0.39377996
4873,0.39377996
4880,0.39377996
4885,0.39377996
4886,0.39377996
4902,0.39377996
4904,0.39377996
4907,0.39377996
4916,0.39377996
4921,0.39377996
4925,0.39377996
4927,0.39377996
4928,0.39377996
4930,0.39377996
4932,0.39377996
4933,0.39377996
4937,0.39377996
4939,0.39377996
4941,0.39377996
4942,0.39377996
4947,0.39377996
4949,0.39377996
4950,0.39377996
4956,0.39377996
4960,0.39377996
4963,0.39377996
4965,0.39377996
4976,0.39377996
4977,0.39377996
4987,0.39377996
4991,0.39377996
4994,0.39377996
4999,0.39377996
5003,0.39377996
5006,0.39377996
5009,0.39377996
5011,0.39377996
5012,0.39377996
5014,0.39377996
5020,0.39377996
5021,0.39377996
5023,0.39377996
5026,0.39377996
5030,0.39377996
5031,0.39377996
5036,0.39377996
5042,0.39377996
5045,0.39377996
5048,0.39377996
5051,0.39377996
5053,0.39377996
5054,0.39377996
5057,0.39377996
5058,0.39377996
5066,0.39377996
5070,0.39377996
5077,0.39377996
5081,0.39377996
5084,0.39377996
5086,0.39377996
5090,0.39377996
5091,0.39377996
5093,0.39377996
5100,0.39377996
5108,0.39377996
5111,0.39377996
5112,0.39377996
5118,0.39377996
5121,0.39377996
5123,0.39377996
5129,0.39377996
5133,0.39377996
5143,0.39377996
5147,0.39377996
5151,0.39377996
5156,0.39377996
5158,0.39377996
5161,0.39377996
5163,0.39377996
5167,0.39377996
5173,0.39377996
5205,0.39377996
5214,0.39377996
5215,0.39377996
5216,0.39377996
5217,0.39377996
5225,0.39377996
5237,0.39377996
5239,0.39377996
5240,0.39377996
5241,0.39377996
5246,0.39377996
5250,0.39377996
5253,0.39377996
5258,0.39377996
5261,0.39377996
5268,0.39377996
5275,0.39377996
5277,0.39377996
5279,0.39377996
5288,0.39377996
5289,0.39377996
5294,0.39377996
5303,0.39377996
5307,0.39377996
5311,0.39377996
5312,0.39377996
5314,0.39377996
5318,0.39377996
5327,0.39377996
5329,0.39377996
5333,0.39377996
5334,0.39377996
5340,0.39377996
5348,0.39377996
5358,0.39377996
5360,0.39377996
5361,0.39377996
5363,0.39377996
5364,0.39377996
5369,0.39377996
5370,0.39377996
5374,0.39377996
5376,0.39377996
5388,0.39377996
5390,0.39377996
5393,0.39377996
5394,0.39377996
5395,0.39377996
5398,0.39377996
5399,0.39377996
5401,0.39377996
5402,0.39377996
5405,0.39377996
5414,0.39377996
5415,0.39377996
5419,0.39377996
5421,0.39377996
5422,0.39377996
5424,0.39377996
5427,0.39377996
5429,0.39377996
5431,0.39377996
5433,0.39377996
5434,0.39377996
5435,0.39377996
5436,0.39377996
5438,0.39377996
5440,0.39377996
5441,0.39377996
5447,0.39377996
5451,0.39377996
5453,0.39377996
5456,0.39377996
5457,0.39377996
5463,0.39377996
5464,0.39377996
5470,0.39377996
5472,0.39377996
5474,0.39377996
5478,0.39377996
5483,0.39377996
5490,0.39377996
5500,0.39377996
5504,0.39377996
5508,0.39377996
5511,0.39377996
5512,0.39377996
5513,0.39377996
5516,0.39377996
5523,0.39377996
5527,0.39377996
5530,0.39377996
5533,0.39377996
5536,0.39377996
5537,0.39377996
5542,0.39377996
5543,0.39377996
5546,0.39377996
5549,0.39377996
5550,0.39377996
5551,0.39377996
5562,0.39377996
5566,0.39377996
5568,0.39377996
5571,0.39377996
5572,0.39377996
5574,0.39377996
5583,0.39377996
5585,0.39377996
5591,0.39377996
5596,0.39377996
5597,0.39377996
5601,0.39377996
5606,0.39377996
5607,0.39377996
5610,0.39377996
5615,0.39377996
5616,0.39377996
5623,0.39377996
5630,0.39377996
5636,0.39377996
5637,0.39377996
5639,0.39377996
5640,0.39377996
5643,0.39377996
5648,0.39377996
5649,0.39377996
5660,0.39377996
5666,0.39377996
5667,0.39377996
5678,0.39377996
5679,0.39377996
5681,0.39377996
5682,0.39377996
5691,0.39377996
5696,0.39377996
5697,0.39377996
5700,0.39377996
5701,0.39377996
5702,0.39377996
5708,0.39377996
5709,0.39377996
5718,0.39377996
5723,0.39377996
5725,0.39377996
5728,0.39377996
5731,0.39377996
5735,0.39377996
5737,0.39377996
5738,0.39377996
5742,0.39377996
5747,0.39377996
5749,0.39377996
5750,0.39377996
5755,0.39377996
5756,0.39377996
5761,0.39377996
5762,0.39377996
5767,0.39377996
5768,0.39377996
5770,0.39377996
5773,0.39377996
5774,0.39377996
5779,0.39377996
5782,0.39377996
5785,0.39377996
5786,0.39377996
5787,0.39377996
5788,0.39377996
5796,0.39377996
5802,0.39377996
5806,0.39377996
5809,0.39377996
5810,0.39377996
5811,0.39377996
5813,0.39377996
5820,0.39377996
5823,0.39377996
5830,0.39377996
5831,0.39377996
5838,0.39377996
5839,0.39377996
5844,0.39377996
5846,0.39377996
5851,0.39377996
5852,0.39377996
5857,0.39377996
5859,0.39377996
5860,0.39377996
5862,0.39377996
5865,0.39377996
5866,0.39377996
5871,0.39377996
5872,0.39377996
5877,0.39377996
5878,0.39377996
5879,0.39377996
5880,0.39377996
5895,0.39377996
5897,0.39377996
5910,0.39377996
5914,0.39377996
5915,0.39377996
5917,0.39377996
5924,0.39377996
5926,0.39377996
5931,0.39377996
5936,0.39377996
5940,0.39377996
5941,0.39377996
5945,0.39377996
5946,0.39377996
5948,0.39377996
5951,0.39377996
5967,0.39377996
5968,0.39377996
5969,0.39377996
5970,0.39377996
5971,0.39377996
5973,0.39377996
5976,0.39377996
5977,0.39377996
5984,0.39377996
5986,0.39377996
5993,0.39377996
5994,0.39377996
6005,0.39377996
6006,0.39377996
6008,0.39377996
6010,0.39377996
6011,0.39377996
6014,0.39377996
6016,0.39377996
6018,0.39377996
6021,0.39377996
6025,0.39377996
6028,0.39377996
6029,0.39377996
6035,0.39377996
6040,0.39377996
6042,0.39377996
6044,0.39377996
6046,0.39377996
6052,0.39377996
6054,0.39377996
6062,0.39377996
6063,0.39377996
6067,0.39377996
6068,0.39377996
6077,0.39377996
6079,0.39377996
6080,0.39377996
6081,0.39377996
6082,0.39377996
6089,0.39377996
6095,0.39377996
6101,0.39377996
6107,0.39377996
6114,0.39377996
6117,0.39377996
6121,0.39377996
6122,0.39377996
6124,0.39377996
6129,0.39377996
6131,0.39377996
6136,0.39377996
6139,0.39377996
6142,0.39377996
6143,0.39377996
6144,0.39377996
6149,0.39377996
6155,0.39377996
6157,0.39377996
6158,0.39377996
6161,0.39377996
6168,0.39377996
6172,0.39377996
6176,0.39377996
6177,0.39377996
6179,0.39377996
6180,0.39377996
6182,0.39377996
6186,0.39377996
6189,0.39377996
6190,0.39377996
6194,0.39377996
6204,0.39377996
6205,0.39377996
6209,0.39377996
6210,0.39377996
6212,0.39377996
6214,0.39377996
6221,0.39377996
6225,0.39377996
6228,0.39377996
6229,0.39377996
6231,0.39377996
6235,0.39377996
6236,0.39377996
6237,0.39377996
6238,0.39377996
6239,0.39377996
6242,0.39377996
6249,0.39377996
6250,0.39377996
6251,0.39377996
6252,0.39377996
6260,0.39377996
6264,0.39377996
6266,0.39377996
6270,0.39377996
6275,0.39377996
6279,0.39377996
6280,0.39377996
6284,0.39377996
6285,0.39377996
6286,0.39377996
6287,0.39377996
6288,0.39377996
6289,0.39377996
6290,0.39377996
6291,0.39377996
6295,0.39377996
6298,0.39377996
6307,0.39377996
6308,0.39377996
6309,0.39377996
6313,0.39377996
6316,0.39377996
6319,0.39377996
6321,0.39377996
6324,0.39377996
6327,0.39377996
6333,0.39377996
6351,0.39377996
6352,0.39377996
6353,0.39377996
6357,0.39377996
6359,0.39377996
6360,0.39377996
6364,0.39377996
6367,0.39377996
6368,0.39377996
6377,0.39377996
6378,0.39377996
6379,0.39377996
6381,0.39377996
6390,0.39377996
6401,0.39377996
6408,0.39377996
6409,0.39377996
6411,0.39377996
6419,0.39377996
6424,0.39377996
6426,0.39377996
6428,0.39377996
6431,0.39377996
6432,0.39377996
6433,0.39377996
6435,0.39377996
6437,0.39377996
6439,0.39377996
6442,0.39377996
6444,0.39377996
6447,0.39377996
6456,0.39377996
6457,0.39377996
6460,0.39377996
6468,0.39377996
6471,0.39377996
6475,0.39377996
6476,0.39377996
6479,0.39377996
6483,0.39377996
6487,0.39377996
6488,0.39377996
6489,0.39377996
6496,0.39377996
6498,0.39377996
6502,0.39377996
6503,0.39377996
6507,0.39377996
6508,0.39377996
6509,0.39377996
6517,0.39377996
6521,0.39377996
6522,0.39377996
6524,0.39377996
6526,0.39377996
6531,0.39377996
6533,0.39377996
6538,0.39377996
6539,0.39377996
6544,0.39377996
6557,0.39377996
6558,0.39377996
6562,0.39377996
6563,0.39377996
6564,0.39377996
6574,0.39377996
6578,0.39377996
6581,0.39377996
6584,0.39377996
6587,0.39377996
6589,0.39377996
6590,0.39377996
6592,0.39377996
6595,0.39377996
6599,0.39377996
6600,0.39377996
6606,0.39377996
6609,0.39377996
6612,0.39377996
6615,0.39377996
6618,0.39377996
6620,0.39377996
6623,0.39377996
6633,0.39377996
6639,0.39377996
6640,0.39377996
6641,0.39377996
6645,0.39377996
6650,0.39377996
6651,0.39377996
6652,0.39377996
6657,0.39377996
6659,0.39377996
6666,0.39377996
6671,0.39377996
6673,0.39377996
6674,0.39377996
6677,0.39377996
6680,0.39377996
6684,0.39377996
6685,0.39377996
6691,0.39377996
6692,0.39377996
6696,0.39377996
6698,0.39377996
6704,0.39377996
6705,0.39377996
6710,0.39377996
6713,0.39377996
6715,0.39377996
6717,0.39377996
6718,0.39377996
6720,0.39377996
6728,0.39377996
6732,0.39377996
6733,0.39377996
6739,0.39377996
6740,0.39377996
6741,0.39377996
6743,0.39377996
6747,0.39377996
6750,0.39377996
6752,0.39377996
6753,0.39377996
6755,0.39377996
6761,0.39377996
6763,0.39377996
6768,0.39377996
6770,0.39377996
6771,0.39377996
6777,0.39377996
6778,0.39377996
6780,0.39377996
6782,0.39377996
6786,0.39377996
6791,0.39377996
6797,0.39377996
6798,0.39377996
6803,0.39377996
6805,0.39377996
6812,0.39377996
6816,0.39377996
6818,0.39377996
6822,0.39377996
6825,0.39377996
6826,0.39377996
6827,0.39377996
6829,0.39377996
6831,0.39377996
6836,0.39377996
6838,0.39377996
6840,0.39377996
6842,0.39377996
6846,0.39377996
6851,0.39377996
6853,0.39377996
6856,0.39377996
6859,0.39377996
6865,0.39377996
6866,0.39377996
6868,0.39377996
6869,0.39377996
6871,0.39377996
6873,0.39377996
6886,0.39377996
6887,0.39377996
6888,0.39377996
6889,0.39377996
6891,0.39377996
6894,0.39377996
6895,0.39377996
6899,0.39377996
6901,0.39377996
6902,0.39377996
6904,0.39377996
6906,0.39377996
6922,0.39377996
6923,0.39377996
6924,0.39377996
6927,0.39377996
6934,0.39377996
6938,0.39377996
6941,0.39377996
6942,0.39377996
6944,0.39377996
6947,0.39377996
6952,0.39377996
6957,0.39377996
6958,0.39377996
6964,0.39377996
6968,0.39377996
6969,0.39377996
6976,0.39377996
6982,0.39377996
6986,0.39377996
6987,0.39377996
6989,0.39377996
6991,0.39377996
6993,0.39377996
6995,0.39377996
6997,0.39377996
7000,0.39377996
7003,0.39377996
7004,0.39377996
7007,0.39377996
7011,0.39377996
7014,0.39377996
7016,0.39377996
7017,0.39377996
7020,0.39377996
7022,0.39377996
7028,0.39377996
7033,0.39377996
7034,0.39377996
7035,0.39377996
7038,0.39377996
7040,0.39377996
7041,0.39377996
7042,0.39377996
7045,0.39377996
7049,0.39377996
7055,0.39377996
7057,0.39377996
7062,0.39377996
7064,0.39377996
7066,0.39377996
7067,0.39377996
7072,0.39377996
7079,0.39377996
7082,0.39377996
7083,0.39377996
7084,0.39377996
7085,0.39377996
7087,0.39377996
7090,0.39377996
7094,0.39377996
7096,0.39377996
7099,0.39377996
7100,0.39377996
7101,0.39377996
7102,0.39377996
7103,0.39377996
7107,0.39377996
7110,0.39377996
7113,0.39377996
7117,0.39377996
7119,0.39377996
7123,0.39377996
7127,0.39377996
7133,0.39377996
7139,0.39377996
7143,0.39377996
7145,0.39377996
7151,0.39377996
7152,0.39377996
7153,0.39377996
7156,0.39377996
7162,0.39377996
7170,0.39377996
7172,0.39377996
7177,0.39377996
7181,0.39377996
7182,0.39377996
7189,0.39377996
7190,0.39377996
7200,0.39377996
7207,0.39377996
7209,0.39377996
7212,0.39377996
7216,0.39377996
7217,0.39377996
7219,0.39377996
7220,0.39377996
7222,0.39377996
7225,0.39377996
7233,0.39377996
7237,0.39377996
7238,0.39377996
7239,0.39377996
7240,0.39377996
7243,0.39377996
7245,0.39377996
7246,0.39377996
7249,0.39377996
7257,0.39377996
7258,0.39377996
7259,0.39377996
7262,0.39377996
7263,0.39377996
7269,0.39377996
7271,0.39377996
7273,0.39377996
7276,0.39377996
7279,0.39377996
7282,0.39377996
7284,0.39377996
7293,0.39377996
7298,0.39377996
7303,0.39377996
7304,0.39377996
7305,0.39377996
7308,0.39377996
7313,0.39377996
7314,0.39377996
7321,0.39377996
7322,0.39377996
7327,0.39377996
7333,0.39377996
7336,0.39377996
7339,0.39377996
7341,0.39377996
7346,0.39377996
7347,0.39377996
7349,0.39377996
7351,0.39377996
7353,0.39377996
7363,0.39377996
7364,0.39377996
7368,0.39377996
7370,0.39377996
7375,0.39377996
7376,0.39377996
7379,0.39377996
7382,0.39377996
7384,0.39377996
7385,0.39377996
7387,0.39377996
7388,0.39377996
7389,0.39377996
7394,0.39377996
7396,0.39377996
7398,0.39377996
7399,0.39377996
7401,0.39377996
7404,0.39377996
7406,0.39377996
7409,0.39377996
7411,0.39377996
7417,0.39377996
7420,0.39377996
7422,0.39377996
7423,0.39377996
7427,0.39377996
7429,0.39377996
7432,0.39377996
7435,0.39377996
7436,0.39377996
7440,0.39377996
7441,0.39377996
7445,0.39377996
7448,0.39377996
7449,0.39377996
7450,0.39377996
7454,0.39377996
7455,0.39377996
7460,0.39377996
7462,0.39377996
7464,0.39377996
7466,0.39377996
7468,0.39377996
7469,0.39377996
7471,0.39377996
7472,0.39377996
7483,0.39377996
7484,0.39377996
7485,0.39377996
7486,0.39377996
7487,0.39377996
7489,0.39377996
7492,0.39377996
7495,0.39377996
7499,0.39377996
7500,0.39377996
7506,0.39377996
7508,0.39377996
7509,0.39377996
7511,0.39377996
7516,0.39377996
7524,0.39377996
7538,0.39377996
7539,0.39377996
7541,0.39377996
7546,0.39377996
7549,0.39377996
7562,0.39377996
7564,0.39377996
7567,0.39377996
7572,0.39377996
7574,0.39377996
7575,0.39377996
7586,0.39377996
7592,0.39377996
7596,0.39377996
7597,0.39377996
7599,0.39377996
7606,0.39377996
7615,0.39377996
7618,0.39377996
7620,0.39377996
7624,0.39377996
7625,0.39377996
7629,0.39377996
7632,0.39377996
7636,0.39377996
7637,0.39377996
7646,0.39377996
7655,0.39377996
7658,0.39377996
7660,0.39377996
7664,0.39377996
7665,0.39377996
7666,0.39377996
7667,0.39377996
7673,0.39377996
7676,0.39377996
7682,0.39377996
7684,0.39377996
7690,0.39377996
7697,0.39377996
7700,0.39377996
7704,0.39377996
7705,0.39377996
7706,0.39377996
7708,0.39377996
7709,0.39377996
7710,0.39377996
7713,0.39377996
7716,0.39377996
7726,0.39377996
7729,0.39377996
7730,0.39377996
7732,0.39377996
7734,0.39377996
7740,0.39377996
7741,0.39377996
7745,0.39377996
7757,0.39377996
7762,0.39377996
7770,0.39377996
7776,0.39377996
7777,0.39377996
7778,0.39377996
7779,0.39377996
7782,0.39377996
7786,0.39377996
7791,0.39377996
7792,0.39377996
7794,0.39377996
7795,0.39377996
7796,0.39377996
7798,0.39377996
7805,0.39377996
7806,0.39377996
7808,0.39377996
7811,0.39377996
7814,0.39377996
7819,0.39377996
7820,0.39377996
7825,0.39377996
7829,0.39377996
7834,0.39377996
7836,0.39377996
7838,0.39377996
7841,0.39377996
7845,0.39377996
7846,0.39377996
7853,0.39377996
7856,0.39377996
7858,0.39377996
7859,0.39377996
7866,0.39377996
7875,0.39377996
7879,0.39377996
7884,0.39377996
7886,0.39377996
7890,0.39377996
7892,0.39377996
7896,0.39377996
7899,0.39377996
7900,0.39377996
7901,0.39377996
7904,0.39377996
7911,0.39377996
7917,0.39377996
7919,0.39377996
7920,0.39377996
7921,0.39377996
7922,0.39377996
7925,0.39377996
7927,0.39377996
7928,0.39377996
7931,0.39377996
7942,0.39377996
7946,0.39377996
7947,0.39377996
7948,0.39377996
7951,0.39377996
7956,0.39377996
7961,0.39377996
7964,0.39377996
7966,0.39377996
7967,0.39377996
7974,0.39377996
7975,0.39377996
7979,0.39377996
7985,0.39377996
7986,0.39377996
7993,0.39377996
7995,0.39377996
7997,0.39377996
7998,0.39377996
8004,0.39377996
8007,0.39377996
8011,0.39377996
8014,0.39377996
8022,0.39377996
8027,0.39377996
8033,0.39377996
8041,0.39377996
8042,0.39377996
8046,0.39377996
8048,0.39377996
8050,0.39377996
8051,0.39377996
8052,0.39377996
8053,0.39377996
8054,0.39377996
8059,0.39377996
8063,0.39377996
8072,0.39377996
8075,0.39377996
8076,0.39377996
8077,0.39377996
8078,0.39377996
8080,0.39377996
8082,0.39377996
8086,0.39377996
8090,0.39377996
8092,0.39377996
8093,0.39377996
8099,0.39377996
8104,0.39377996
8107,0.39377996
8108,0.39377996
8114,0.39377996
8115,0.39377996
8117,0.39377996
8123,0.39377996
8124,0.39377996
8127,0.39377996
8132,0.39377996
8134,0.39377996
8139,0.39377996
8145,0.39377996
8148,0.39377996
8151,0.39377996
8152,0.39377996
8153,0.39377996
8157,0.39377996
8160,0.39377996
8166,0.39377996
8167,0.39377996
8173,0.39377996
8174,0.39377996
8178,0.39377996
8179,0.39377996
8185,0.39377996
8186,0.39377996
8192,0.39377996
8193,0.39377996
8194,0.39377996
8197,0.39377996
8198,0.39377996
8199,0.39377996
8200,0.39377996
8206,0.39377996
8207,0.39377996
8220,0.39377996
8222,0.39377996
8227,0.39377996
8228,0.39377996
8229,0.39377996
8230,0.39377996
8233,0.39377996
8248,0.39377996
8249,0.39377996
8255,0.39377996
8260,0.39377996
8263,0.39377996
8265,0.39377996
8268,0.39377996
8269,0.39377996
8272,0.39377996
8273,0.39377996
8275,0.39377996
8277,0.39377996
8281,0.39377996
8282,0.39377996
8290,0.39377996
8293,0.39377996
8299,0.39377996
8302,0.39377996
8303,0.39377996
8305,0.39377996
8306,0.39377996
8307,0.39377996
8308,0.39377996
8313,0.39377996
8316,0.39377996
8319,0.39377996
8322,0.39377996
8323,0.39377996
8325,0.39377996
8326,0.39377996
8327,0.39377996
8328,0.39377996
8331,0.39377996
8333,0.39377996
8336,0.39377996
8338,0.39377996
8340,0.39377996
8342,0.39377996
8343,0.39377996
8353,0.39377996
8354,0.39377996
8357,0.39377996
8358,0.39377996
8359,0.39377996
8373,0.39377996
8376,0.39377996
8379,0.39377996
8380,0.39377996
8381,0.39377996
8384,0.39377996
8395,0.39377996
8398,0.39377996
8403,0.39377996
8407,0.39377996
8413,0.39377996
8417,0.39377996
8420,0.39377996
8421,0.39377996
8424,0.39377996
8426,0.39377996
8427,0.61251223
8438,0.39377996
8439,0.39377996
8442,0.39377996
8449,0.39377996
8456,0.39377996
8460,0.39377996
8462,0.39377996
8465,0.39377996
8466,0.39377996
8467,0.39377996
8469,0.39377996
8470,0.39377996
8474,0.39377996
8479,0.39377996
8481,0.39377996
8482,0.39377996
8485,0.39377996
8488,0.39377996
8492,0.39377996
8493,0.39377996
8495,0.39377996
8499,0.39377996
8501,0.39377996
8519,0.39377996
8521,0.39377996
8525,0.39377996
8527,0.39377996
8529,0.39377996
8532,0.39377996
8534,0.39377996
8535,0.39377996
8537,0.39377996
8544,0.39377996
8548,0.39377996
8549,0.39377996
8552,0.39377996
8554,0.39377996
8563,0.39377996
8564,0.39377996
8565,0.39377996
8566,0.39377996
8568,0.39377996
8569,0.39377996
8573,0.39377996
8583,0.39377996
8588,0.39377996
8590,0.39377996
8592,0.39377996
8593,0.39377996
8594,0.39377996
8597,0.39377996
8600,0.39377996
8601,0.39377996
8602,0.39377996
8603,0.39377996
8604,0.39377996
8605,0.39377996
8611,0.39377996
8614,0.39377996
8616,0.39377996
8617,0.39377996
8619,0.39377996
8626,0.39377996
8629,0.39377996
8630,0.39377996
8632,0.39377996
8634,0.39377996
8641,0.39377996
8645,0.39377996
8649,0.39377996
8652,0.39377996
8666,0.39377996
8671,0.39377996
8672,0.39377996
8675,0.39377996
8678,0.39377996
8679,0.39377996
8682,0.39377996
8687,0.39377996
8701,0.39377996
8703,0.39377996
8707,0.39377996
8713,0.39377996
8716,0.39377996
8719,0.39377996
8725,0.39377996
8730,0.39377996
8731,0.39377996
8748,0.39377996
8749,0.39377996
8756,0.39377996
8764,0.39377996
8765,0.39377996
8769,0.39377996
8771,0.39377996
8772,0.39377996
8773,0.39377996
8779,0.39377996
8792,0.39377996
8794,0.39377996
8796,0.39377996
8798,0.39377996
8803,0.39377996
8807,0.39377996
8809,0.39377996
8811,0.64429283
8813,0.39377996
8814,0.39377996
8818,0.39377996
8819,0.39377996
8820,0.39377996
8821,0.39377996
8822,0.39377996
8824,0.39377996
8826,0.39377996
8827,0.39377996
8828,0.39377996
8833,0.39377996
8834,0.39377996
8845,0.39377996
8847,0.39377996
8849,0.39377996
8861,0.39377996
8867,0.39377996
8868,0.39377996
8870,0.39377996
8873,0.39377996
8874,0.39377996
8876,0.39377996
8877,0.39377996
8879,0.39377996
8882,0.39377996
8884,0.39377996
8889,0.39377996
8891,0.39377996
8894,0.39377996
8895,0.39377996
8897,0.39377996
8898,0.39377996
8901,0.39377996
8904,0.39377996
8909,0.39377996
8910,0.39377996
8911,0.39377996
8915,0.39377996
8917,0.39377996
8918,0.39377996
8919,0.39377996
8922,0.39377996
8925,0.39377996
8928,0.39377996
8929,0.39377996
8930,0.39377996
8932,0.39377996
8937,0.39377996
8940,0.39377996
8943,0.39377996
8950,0.39377996
8951,0.39377996
8954,0.39377996
8958,0.39377996
8960,0.39377996
8964,0.39377996
8975,0.39377996
8977,0.39377996
8981,0.39377996
8982,0.39377996
8984,0.39377996
8988,0.39377996
8990,0.39377996
8991,0.39377996
8995,0.39377996
8997,0.39377996
9003,0.39377996
9004,0.39377996
9010,0.39377996
9011,0.39377996
9013,0.39377996
9014,0.39377996
9015,0.39377996
9017,0.39377996
9019,0.39377996
9021,0.39377996
9024,0.39377996
9032,0.39377996
9035,0.39377996
9036,0.39377996
9037,0.39377996
9043,0.39377996
9046,0.39377996
9048,0.39377996
9049,0.39377996
9050,0.39377996
9056,0.39377996
9063,0.39377996
9065,0.39377996
9066,0.39377996
9068,0.39377996
9069,0.39377996
9070,0.39377996
9073,0.39377996
9076,0.39377996
9091,0.39377996
9092,0.39377996
9104,0.39377996
9105,0.39377996
9108,0.39377996
9111,0.39377996
9115,0.39377996
9117,0.39377996
9122,0.39377996
9125,0.39377996
9127,0.39377996
9129,0.39377996
9133,0.39377996
9136,0.39377996
9138,0.39377996
9140,0.39377996
9147,0.39377996
9150,0.39377996
9152,0.39377996
9153,0.39377996
9155,0.39377996
9158,0.39377996
9160,0.39377996
9163,0.39377996
9165,0.39377996
9167,0.39377996
9168,0.39377996
9170,0.39377996
9176,0.39377996
9178,0.39377996
9184,0.39377996
9186,0.39377996
9188,0.39377996
9189,0.39377996
9190,0.39377996
9196,0.39377996
9198,0.39377996
9199,0.39377996
9200,0.39377996
9201,0.39377996
9202,0.39377996
9204,0.39377996
9205,0.39377996
9213,0.39377996
9214,0.39377996
9224,0.39377996
9227,0.39377996
9228,0.39377996
9229,0.39377996
9234,0.39377996
9236,0.39377996
9241,0.39377996
9243,0.39377996
9245,0.39377996
9256,0.39377996
9258,0.39377996
9261,0.39377996
9274,0.39377996
9279,0.39377996
9282,0.39377996
9284,0.39377996
9285,0.39377996
9291,0.39377996
9295,0.39377996
9299,0.39377996
9302,0.39377996
9304,0.39377996
9305,0.39377996
9306,0.39377996
9310,0.39377996
9312,0.39377996
9316,0.39377996
9318,0.39377996
9323,0.39377996
9326,0.39377996
9327,0.39377996
9328,0.39377996
9331,0.39377996
9335,0.39377996
9336,0.39377996
9340,0.39377996
9349,0.39377996
9352,0.39377996
9353,0.39377996
9354,0.39377996
9356,0.39377996
9357,0.39377996
9358,0.39377996
9359,0.39377996
9364,0.39377996
9366,0.39377996
9369,0.39377996
9370,0.39377996
9379,0.39377996
9381,0.39377996
9383,0.39377996
9389,0.39377996
9390,0.39377996
9392,0.39377996
9394,0.39377996
9398,0.39377996
9399,0.39377996
9400,0.39377996
9407,0.39377996
9409,0.39377996
9412,0.39377996
9413,0.39377996
9415,0.39377996
9419,0.39377996
9423,0.39377996
9424,0.39377996
9426,0.39377996
9427,0.39377996
9428,0.39377996
9429,0.39377996
9433,0.39377996
9437,0.39377996
9440,0.39377996
9442,0.39377996
9443,0.39377996
9444,0.39377996
9447,0.39377996
9459,0.39377996
9461,0.39377996
9462,0.39377996
9464,0.39377996
9473,0.39377996
9475,0.39377996
9476,0.39377996
9477,0.39377996
9478,0.39377996
9479,0.39377996
9483,0.39377996
9487,0.39377996
9494,0.39377996
9497,0.39377996
9498,0.39377996
9506,0.39377996
9512,0.39377996
9514,0.39377996
9515,0.39377996
9516,0.39377996
9517,0.39377996
9518,0.39377996
9521,0.39377996
9523,0.39377996
9527,0.39377996
9528,0.39377996
9530,0.39377996
9532,0.39377996
9534,0.39377996
9535,0.39377996
9536,0.39377996
9543,0.39377996
9544,0.39377996
9545,0.39377996
9546,0.39377996
9549,0.39377996
9558,0.39377996
9560,0.39377996
9561,0.39377996
9570,0.39377996
9573,0.39377996
9578,0.39377996
9584,0.39377996
9587,0.39377996
9588,0.39377996
9599,0.39377996
9601,0.39377996
9604,0.39377996
9614,0.39377996
9615,0.39377996
9621,0.39377996
9622,0.39377996
9623,0.39377996
9624,0.39377996
9626,0.39377996
9628,0.39377996
9630,0.39377996
9631,0.39377996
9633,0.39377996
9635,0.39377996
9637,0.39377996
9641,0.39377996
9647,0.39377996
9648,0.39377996
9649,0.39377996
9658,0.39377996
9662,0.39377996
9668,0.39377996
9671,0.39377996
9676,0.39377996
9677,0.39377996
9679,0.39377996
9682,0.39377996
9685,0.39377996
9689,0.39377996
9692,0.39377996
9693,0.39377996
9694,0.39377996
9696,0.39377996
9700,0.39377996
9711,0.39377996
9713,0.39377996
9720,0.39377996
9721,0.39377996
9725,0.39377996
9726,0.39377996
9727,0.39377996
9735,0.39377996
9740,0.39377996
9742,0.39377996
9743,0.39377996
9747,0.39377996
9748,0.39377996
9751,0.39377996
9758,0.39377996
9767,0.39377996
9768,0.39377996
9773,0.39377996
9777,0.39377996
9781,0.39377996
9784,0.39377996
9786,0.39377996
9789,0.39377996
9792,0.39377996
9793,0.39377996
9798,0.39377996
9799,0.39377996
9802,0.39377996
9803,0.39377996
9804,0.39377996
9805,0.39377996
9807,0.39377996
9809,0.39377996
9811,0.39377996
9814,0.39377996
9817,0.39377996
9821,0.39377996
9824,0.39377996
9825,0.39377996
9827,0.39377996
9839,0.39377996
9840,0.39377996
9843,0.39377996
9844,0.39377996
9845,0.39377996
9847,0.39377996
9848,0.39377996
9851,0.39377996
9852,0.39377996
9855,0.39377996
9856,0.39377996
9863,0.39377996
9867,0.39377996
9871,0.39377996
9876,0.39377996
9879,0.39377996
9882,0.39377996
9891,0.39377996
9892,0.39377996
9893,0.39377996
9895,0.39377996
9899,0.39377996
9900,0.39377996
9902,0.39377996
9903,0.39377996
9904,0.39377996
9908,0.39377996
9913,0.39377996
9914,0.39377996
9917,0.39377996
9922,0.39377996
9924,0.39377996
9926,0.39377996
9927,0.39377996
9928,0.39377996
9929,0.39377996
9936,0.39377996
9939,0.39377996
9947,0.39377996
9951,0.39377996
9954,0.39377996
9956,0.39377996
9957,0.39377996
9959,0.39377996
9962,0.39377996
9964,0.39377996
9966,0.39377996
9968,0.39377996
9969,0.39377996
9970,0.39377996
9975,0.39377996
9977,0.39377996
9981,0.39377996
9993,0.39377996
9996,0.39377996
9997,0.39377996
9999,0.39377996
10002,0.39377996
10007,0.39377996
10015,0.39377996
10019,0.39377996
10022,0.39377996
10024,0.39377996
10026,0.39377996
10033,0.39377996
10043,0.39377996
10046,0.39377996
10051,0.39377996
10053,0.39377996
10062,0.39377996
10063,0.39377996
10065,0.39377996
10068,0.39377996
10078,0.39377996
10086,0.39377996
10094,0.39377996
10095,0.39377996
10096,0.39377996
10097,0.39377996
10103,0.39377996
10104,0.39377996
10108,0.39377996
10122,0.39377996
10123,0.39377996
10128,0.39377996
10131,0.39377996
10133,0.39377996
10134,0.39377996
10135,0.39377996
10145,0.39377996
10148,0.39377996
10154,0.39377996
10155,0.39377996
10158,0.39377996
10160,0.39377996
10161,0.39377996
10162,0.39377996
10165,0.39377996
10166,0.39377996
10167,0.39377996
10170,0.39377996
10178,0.39377996
10180,0.39377996
10181,0.39377996
10185,0.39377996
10188,0.39377996
10190,0.39377996
10196,0.39377996
10200,0.39377996
10205,0.39377996
10211,0.39377996
10216,0.39377996
10219,0.39377996
10221,0.39377996
10225,0.39377996
10227,0.39377996
10228,0.39377996
10230,0.39377996
10232,0.39377996
10233,0.39377996
10235,0.39377996
10238,0.39377996
10240,0.39377996
10242,0.39377996
10248,0.39377996
10254,0.39377996
10257,0.39377996
10261,0.39377996
10262,0.39377996
10266,0.39377996
10267,0.39377996
10271,0.39377996
10277,0.39377996
10279,0.39377996
10281,0.39377996
10282,0.39377996
10285,0.39377996
10292,0.39377996
10298,0.39377996
10300,0.39377996
10309,0.39377996
10311,0.39377996
10312,0.39377996
10319,0.39377996
10324,0.39377996
10326,0.39377996
10328,0.39377996
10343,0.39377996
10346,0.39377996
10347,0.39377996
10353,0.39377996
10354,0.39377996
10356,0.39377996
10357,0.39377996
10362,0.39377996
10363,0.39377996
10370,0.39377996
10373,0.39377996
10386,0.39377996
10388,0.39377996
10389,0.39377996
10391,0.39377996
10397,0.39377996
10400,0.39377996
10403,0.39377996
10404,0.39377996
10408,0.39377996
10417,0.39377996
10425,0.39377996
10435,0.39377996
10437,0.39377996
10438,0.39377996
10440,0.39377996
10442,0.39377996
10447,0.39377996
10452,0.39377996
10453,0.39377996
10454,0.39377996
10459,0.39377996
10460,0.39377996
10463,0.39377996
10465,0.39377996
10469,0.39377996
10474,0.39377996
10475,0.39377996
10476,0.39377996
10477,0.39377996
10480,0.39377996
10491,0.39377996
10493,0.39377996
10494,0.39377996
10495,0.39377996
10497,0.39377996
10501,0.39377996
10504,0.39377996
10507,0.39377996
10509,0.39377996
10510,0.39377996
10512,0.39377996
10514,0.39377996
10526,0.39377996
10528,0.39377996
10530,0.39377996
10531,0.39377996
10532,0.39377996
10538,0.39377996
10539,0.39377996
10542,0.39377996
10547,0.39377996
10549,0.39377996
10556,0.39377996
10569,0.39377996
10572,0.39377996
10577,0.39377996
10579,0.39377996
10586,0.39377996
10594,0.39377996
10595,0.39377996
10597,0.39377996
10602,0.39377996
10604,0.39377996
10614,0.39377996
10617,0.39377996
10618,0.39377996
10619,0.39377996
10624,0.39377996
10633,0.39377996
10634,0.39377996
10635,0.39377996
10638,0.39377996
10639,0.39377996
10642,0.39377996
10643,0.39377996
10645,0.39377996
10646,0.39377996
10649,0.39377996
10652,0.39377996
10653,0.39377996
10654,0.39377996
10661,0.39377996
10664,0.39377996
10668,0.39377996
10670,0.39377996
10674,0.39377996
10683,0.39377996
10694,0.39377996
10697,0.39377996
10699,0.39377996
10701,0.39377996
10703,0.39377996
10713,0.39377996
10714,0.39377996
10716,0.39377996
10717,0.39377996
10719,0.39377996
10725,0.39377996
10728,0.39377996
10734,0.39377996
10738,0.39377996
10740,0.39377996
10742,0.39377996
10756,0.39377996
10757,0.39377996
10758,0.39377996
10761,0.39377996
10762,0.39377996
10773,0.39377996
10778,0.39377996
10781,0.39377996
10791,0.39377996
10792,0.39377996
10796,0.39377996
10797,0.39377996
10801,0.39377996
10804,0.39377996
10806,0.39377996
10807,0.39377996
10816,0.39377996
10820,0.39377996
10828,0.39377996
10836,0.39377996
10838,0.39377996
10845,0.39377996
10856,0.39377996
10857,0.39377996
10858,0.39377996
10861,0.39377996
10865,0.39377996
10868,0.39377996
10874,0.39377996
10875,0.39377996
